iter	RMSE
0	0.001925826671
1	0.001846811905
2	0.001772609594
3	0.001702392984
4	0.001636570829
5	0.001574918765
6	0.001517303155
7	0.001463125248
8	0.001412303875
9	0.001364768603
10	0.001320147246
11	0.001278551355
12	0.001239688321
13	0.001203189985
14	0.001168779724
15	0.001136968611
16	0.001107189595
17	0.001077292692
18	0.001049535185
19	0.001025095523
20	0.001001686257
21	0.0009790481467
22	0.0009592150785
23	0.000940562878
24	0.0009232115652
25	0.0009060905529
26	0.0008894867132
27	0.000874235239
28	0.0008608030762
29	0.0008457057098
30	0.0008334244844
31	0.0008210333871
32	0.0008108604626
33	0.000799443514
34	0.0007897804542
35	0.0007813739601
36	0.000772782024
37	0.0007631272315
38	0.0007555162099
39	0.0007479513686
40	0.0007413919296
41	0.0007346880759
42	0.0007285438241
43	0.0007223831831
44	0.0007167302779
45	0.000711071609
46	0.0007052470835
47	0.000699891803
48	0.0006949064487
49	0.0006899180497
50	0.00068595621
51	0.0006815737537
52	0.0006779313216
53	0.0006742283904
54	0.0006710560107
55	0.000667252358
56	0.0006637482978
57	0.00066085673
58	0.0006578243766
59	0.000654258851
60	0.0006514902996
61	0.0006486697558
62	0.000646453726
63	0.0006426281286
64	0.0006400980197
65	0.0006373486236
66	0.000635440825
67	0.0006332497624
68	0.0006315001097
69	0.0006284898942
70	0.0006261745224
71	0.0006227586808
72	0.0006206926765
73	0.0006191431254
74	0.0006170532347
75	0.0006150323887
76	0.0006122596284
77	0.0006097942744
78	0.0006083262776
79	0.0006062195167
80	0.0006042686046
81	0.0006027137182
82	0.0006003495434
83	0.0005979045337
84	0.0005968435742
85	0.0005947336861
86	0.0005929163701
87	0.0005899283094
88	0.0005882614921
89	0.0005852043567
90	0.0005833714138
91	0.0005818935929
92	0.0005801359378
93	0.0005759359084
94	0.0005733465584
95	0.0005708282565
96	0.0005699712043
97	0.0005682409509
98	0.0005664168611
99	0.0005637596001
100	0.0005620991136
101	0.0005587320127
102	0.0005577701805
103	0.0005558997498
104	0.0005545488347
105	0.0005521034894
106	0.0005512679501
107	0.0005493293717
108	0.0005484294079
109	0.0005469340946
110	0.0005461190199
111	0.0005435692332
112	0.0005424394825
113	0.0005409261351
114	0.0005398674834
115	0.0005386922309
116	0.0005372588758
117	0.0005353201738
118	0.0005338022392
119	0.000532231379
120	0.000530343071
121	0.000528648239
122	0.0005266176542
123	0.0005257311313
124	0.00052507225
125	0.0005234347949
126	0.0005225892351
127	0.000521758388
128	0.0005205225188
129	0.0005196257156
130	0.0005188811673
131	0.0005171511836
132	0.0005159577506
133	0.000514742544
134	0.0005137542542
135	0.0005124630485
136	0.0005108251273
137	0.0005088096829
138	0.000507164756
139	0.0005061364035
140	0.000505186519
141	0.0005042548172
142	0.0005034603459
143	0.0005028781734
144	0.0005019561375
145	0.0005011472329
146	0.0004998976755
147	0.0004986708357
148	0.0004967430465
149	0.0004953817579
150	0.0004942794515
151	0.0004934043835
152	0.0004920328462
153	0.0004907762353
154	0.0004900441149
155	0.0004889338861
156	0.0004881928518
157	0.0004872273714
158	0.0004861430529
159	0.0004851476014
160	0.000484324536
161	0.0004831162273
162	0.0004822264638
163	0.0004810080274
164	0.0004800385238
165	0.0004795463953
166	0.0004785057532
167	0.000476914498
168	0.0004757778428
169	0.0004748413282
170	0.0004734698866
171	0.0004722754576
172	0.0004709187719
173	0.0004700894462
174	0.000469326156
175	0.0004682091049
176	0.0004671299227
177	0.0004661545596
178	0.000465108661
179	0.0004643686231
180	0.0004636777851
181	0.0004633044203
182	0.0004620964019
183	0.0004611350548
184	0.0004598324814
185	0.0004588284603
186	0.0004579715176
187	0.0004567860894
188	0.0004558880794
189	0.0004544835754
190	0.0004534388954
191	0.0004526606485
192	0.0004516993972
193	0.0004510961536
194	0.0004505451033
195	0.0004497838837
196	0.0004489372889
197	0.0004480140975
198	0.0004470373589
199	0.0004463301857
200	0.0004455228282
201	0.000443992937
202	0.0004427249312
203	0.0004417285179
204	0.0004408921656
205	0.0004402811388
206	0.0004392070964
207	0.0004381070732
208	0.0004369554235
209	0.0004360631309
210	0.0004346200965
211	0.0004339517319
212	0.0004333028907
213	0.0004325229348
214	0.0004320135668
215	0.0004311379975
216	0.0004304424836
217	0.0004292387936
218	0.000428746243
219	0.0004268628324
220	0.0004263623813
221	0.0004253823222
222	0.0004246223895
223	0.0004240157418
224	0.0004225906058
225	0.0004219123488
226	0.0004214290188
227	0.0004204599295
228	0.0004195383716
229	0.0004188454674
230	0.0004181350767
231	0.0004172627198
232	0.0004162387642
233	0.0004156729591
234	0.000414746645
235	0.0004136448093
236	0.0004133093554
237	0.0004126517667
238	0.0004113732859
239	0.0004104990513
240	0.0004096223911
241	0.0004091746137
242	0.0004086014447
243	0.000407833799
244	0.0004069905993
245	0.0004061771896
246	0.0004057461964
247	0.000404726811
248	0.0004037304292
249	0.0004031874048
250	0.0004026903517
251	0.0004022896451
252	0.0004012067365
253	0.0004008077393
254	0.0004002383586
255	0.0003995499373
256	0.000399157365
257	0.0003984710699
258	0.0003979643437
259	0.0003974721066
260	0.0003973380864
261	0.0003969376085
262	0.0003964378134
263	0.000395084044
264	0.0003944360363
265	0.0003939036396
266	0.0003932127823
267	0.0003924122467
268	0.0003921715935
269	0.0003917157351
270	0.0003911290796
271	0.000390343984
272	0.0003891275095
273	0.0003884933994
274	0.0003879356701
275	0.0003872187513
276	0.0003865897539
277	0.0003856941084
278	0.000385328329
279	0.0003845286016
280	0.0003839138601
281	0.0003832753471
282	0.0003827860176
283	0.0003817475639
284	0.0003811555391
285	0.0003803921907
286	0.0003800752992
287	0.0003796869591
288	0.0003790716661
289	0.0003780632097
290	0.0003772830803
291	0.0003767506978
292	0.0003762440967
293	0.000375378519
294	0.0003750195759
295	0.0003745028973
296	0.0003736865164
297	0.0003732181305
298	0.0003725019771
299	0.000371909063
300	0.0003712245555
301	0.0003708315157
302	0.0003699520303
303	0.0003693277624
304	0.0003688417701
305	0.0003680816391
306	0.0003674274889
307	0.0003669781539
308	0.0003667688778
309	0.0003659567155
310	0.0003654000235
311	0.0003648651542
312	0.0003644961253
313	0.0003634915522
314	0.0003627350074
315	0.0003619136118
316	0.00036114462
317	0.0003608383407
318	0.0003603251626
319	0.000359813892
320	0.0003592294461
321	0.0003588725767
322	0.0003582554416
323	0.0003574495254
324	0.0003571005865
325	0.0003564253054
326	0.0003558452706
327	0.0003550675582
328	0.0003542900437
329	0.0003535831956
330	0.0003533481029
331	0.000352657172
332	0.0003521913294
333	0.0003517901586
334	0.000350977575
335	0.000350304882
336	0.0003497206953
337	0.000349108777
338	0.0003485425907
339	0.0003478297286
340	0.0003474805292
341	0.0003469779908
342	0.0003464916809
343	0.0003458574887
344	0.0003455352353
345	0.0003449096856
346	0.000344142197
347	0.0003436453731
348	0.0003428012677
349	0.0003419939802
350	0.0003417441632
351	0.0003411645436
352	0.000340833818
353	0.0003399112276
354	0.0003390980669
355	0.0003388382114
356	0.0003382275999
357	0.0003376219892
358	0.0003373686383
359	0.0003368894547
360	0.0003362071801
361	0.0003358321524
362	0.0003354770692
363	0.0003347804022
364	0.0003339441361
365	0.0003336371137
366	0.0003331255482
367	0.0003327952604
368	0.000332383142
369	0.0003319202337
370	0.0003313709412
371	0.0003307433945
372	0.0003303350269
373	0.0003300374181
374	0.0003292557355
375	0.0003288151011
376	0.0003284068769
377	0.0003279945926
378	0.0003274762598
379	0.0003270535336
380	0.0003265878766
381	0.000326230217
382	0.0003255882184
383	0.0003251607842
384	0.0003245832039
385	0.0003241750671
386	0.0003238854528
387	0.0003231562768
388	0.0003226070136
389	0.0003222500804
390	0.0003220241993
391	0.0003214320308
392	0.0003208676176
393	0.0003201724283
394	0.0003196457882
395	0.0003193210371
396	0.0003186548074
397	0.0003179522349
398	0.000317434933
399	0.0003171929021
400	0.0003166399107
401	0.0003159186773
402	0.0003154339143
403	0.0003150982331
404	0.0003146220171
405	0.0003143330304
406	0.0003139002448
407	0.0003132812931
408	0.0003126395669
409	0.0003120852513
410	0.0003115918341
411	0.000310818796
412	0.0003102692809
413	0.0003096559015
414	0.0003091250478
415	0.000308657808
416	0.0003079937947
417	0.0003076149853
418	0.0003072229947
419	0.0003067090687
420	0.0003062206335
421	0.0003055582529
422	0.0003052973034
423	0.0003048915199
424	0.0003045525986
425	0.0003038796213
426	0.0003032692834
427	0.0003030317909
428	0.0003024152513
429	0.000301975391
430	0.0003016076436
431	0.0003012278309
432	0.0003008537021
433	0.0003003513449
434	0.0002999845592
435	0.00029970833
436	0.0002992534149
437	0.0002988790006
438	0.0002983123432
439	0.0002977959764
440	0.0002974144002
441	0.0002970876761
442	0.00029645133
443	0.000295983424
444	0.000295262213
445	0.0002949243485
446	0.0002943702971
447	0.0002938785445
448	0.0002932590147
449	0.0002928475152
450	0.0002923099554
451	0.0002919908755
452	0.000291636513
453	0.0002911651515
454	0.0002908088398
455	0.0002905383511
456	0.0002900388275
457	0.000289758071
458	0.0002895128339
459	0.0002889841617
460	0.0002885898874
461	0.0002880869944
462	0.000287901311
463	0.0002875390076
464	0.0002870212459
465	0.0002864950482
466	0.000286202078
467	0.00028568042
468	0.0002853415412
469	0.0002848082253
470	0.0002843014275
471	0.0002839318879
472	0.0002836559552
473	0.000283211677
474	0.0002829684298
475	0.0002824652861
476	0.0002820275441
477	0.0002818089047
478	0.000281239525
479	0.0002806884773
480	0.0002802948442
481	0.0002798332414
482	0.0002792322561
483	0.0002790289277
484	0.00027864699
485	0.0002781203074
486	0.0002775287895
487	0.0002772420471
488	0.0002768580378
489	0.0002765028513
490	0.0002762233849
491	0.0002758287349
492	0.0002752647115
493	0.0002750767698
494	0.0002746428605
495	0.000274179825
496	0.00027362537
497	0.0002733191094
498	0.0002730439956
499	0.000272686084
500	0.0002723363635
501	0.0002718874011
502	0.0002713481593
503	0.0002708207851
504	0.0002705488395
505	0.0002700218948
506	0.0002696028318
507	0.0002693777672
508	0.0002690228116
509	0.0002685753454
510	0.0002682163773
511	0.0002678388668
512	0.0002672547617
513	0.0002669228074
514	0.0002666375546
515	0.0002662003758
516	0.0002659643541
517	0.0002657777077
518	0.0002653703973
519	0.0002649266515
520	0.0002645613605
521	0.0002642424645
522	0.0002639287569
523	0.0002636969261
524	0.000263254194
525	0.0002629100025
526	0.0002625809013
527	0.000262128611
528	0.0002617288174
529	0.0002614203115
530	0.0002609473076
531	0.0002606866878
532	0.0002603528641
533	0.0002600599776
534	0.0002597293909
535	0.0002594461159
536	0.0002591380057
537	0.0002588816909
538	0.0002583917948
539	0.0002582461291
540	0.0002578299652
541	0.000257384915
542	0.0002570402905
543	0.0002567609452
544	0.0002563672025
545	0.0002558808441
546	0.0002556111034
547	0.0002552079247
548	0.000254726592
549	0.0002542313531
550	0.0002537788974
551	0.0002534779963
552	0.0002530473139
553	0.0002528149096
554	0.000252260369
555	0.0002519861984
556	0.0002515830303
557	0.0002510882778
558	0.0002506424195
559	0.0002502198294
560	0.0002499703365
561	0.0002497655466
562	0.0002492455345
563	0.0002489385748
564	0.0002485202669
565	0.0002481162249
566	0.0002478553792
567	0.0002475951135
568	0.0002473651427
569	0.0002469986088
570	0.0002465710545
571	0.0002462640346
572	0.0002458359836
573	0.0002454883235
574	0.0002450888434
575	0.0002446835801
576	0.000244376159
577	0.0002440279074
578	0.0002437941862
579	0.0002434106327
580	0.0002429591578
581	0.0002425513881
582	0.000242166859
583	0.0002417251927
584	0.0002413565792
585	0.0002410346411
586	0.0002406798855
587	0.0002404341647
588	0.0002400191679
589	0.0002397317175
590	0.0002393024354
591	0.0002388707364
592	0.000238614737
593	0.0002384727122
594	0.0002383303056
595	0.0002379361352
596	0.0002374313762
597	0.0002369595647
598	0.000236669663
599	0.0002363874181
600	0.0002360092704
601	0.0002355531147
602	0.0002351922905
603	0.0002347926972
604	0.0002344629877
605	0.000234133154
606	0.0002338926722
607	0.000233655351
608	0.0002334715865
609	0.0002330687706
610	0.0002327207812
611	0.0002324640884
612	0.0002321328176
613	0.0002317384314
614	0.0002315361139
615	0.0002313213732
616	0.0002308986182
617	0.0002305946789
618	0.0002303321642
619	0.0002299544238
620	0.0002295771778
621	0.0002291988821
622	0.000229035138
623	0.0002288355975
624	0.0002286180216
625	0.0002282261564
626	0.000228049072
627	0.0002277251556
628	0.0002275450292
629	0.0002273006562
630	0.0002268874285
631	0.0002267258837
632	0.0002265365779
633	0.0002261324402
634	0.0002258174924
635	0.0002256088994
636	0.0002251772209
637	0.0002247158491
638	0.0002244282102
639	0.0002241726259
640	0.0002239525991
641	0.0002237484565
642	0.0002235009326
643	0.0002230829673
644	0.0002228889257
645	0.0002224722548
646	0.0002221879831
647	0.0002217897212
648	0.0002214665547
649	0.0002212790408
650	0.0002207674277
651	0.0002206982566
652	0.0002205588972
653	0.0002203722146
654	0.0002201409109
655	0.0002199042203
656	0.0002196251096
657	0.0002193883238
658	0.0002192456041
659	0.0002189268224
660	0.0002187513288
661	0.0002184026347
662	0.0002182933048
663	0.0002179912479
664	0.0002176356858
665	0.0002173810737
666	0.0002170010255
667	0.0002166576812
668	0.0002161487205
669	0.0002160017119
670	0.0002157454593
671	0.0002154880691
672	0.0002152741332
673	0.0002149626403
674	0.0002146686499
675	0.0002144819846
676	0.0002142196875
677	0.0002139293411
678	0.0002137574527
679	0.0002133753909
680	0.0002131556835
681	0.0002128295226
682	0.0002126480127
683	0.0002123295642
684	0.0002120033013
685	0.0002118481488
686	0.0002116667248
687	0.0002113989866
688	0.0002111490948
689	0.0002108857627
690	0.0002104713979
691	0.0002100980844
692	0.0002099774292
693	0.000209727208
694	0.000209546542
695	0.0002091061711
696	0.000208789183
697	0.0002085465136
698	0.0002082264554
699	0.0002079517037
700	0.0002077587862
701	0.0002075115498
702	0.0002072659791
703	0.0002069558317
704	0.0002066152204
705	0.000206377651
706	0.0002061713314
707	0.0002058174125
708	0.0002054698488
709	0.0002053227126
710	0.0002050317317
711	0.0002048339779
712	0.0002045459281
713	0.000204306802
714	0.0002040505534
715	0.0002038378833
716	0.0002036385219
717	0.0002033918978
718	0.0002031203748
719	0.0002029242761
720	0.0002025384132
721	0.000202247626
722	0.0002020298222
723	0.000201659761
724	0.0002013929444
725	0.000201128254
726	0.0002007820562
727	0.0002005162922
728	0.0002002104451
729	0.0001999411249
730	0.0001996648723
731	0.0001994381372
732	0.0001990951522
733	0.0001988568077
734	0.000198586921
735	0.0001984329014
736	0.0001982331112
737	0.0001980581662
738	0.0001977692858
739	0.0001975547493
740	0.0001971315265
741	0.0001968175438
742	0.0001965679435
743	0.0001962821236
744	0.0001961049961
745	0.0001959560948
746	0.0001956610914
747	0.0001952436101
748	0.0001949194926
749	0.0001947449525
750	0.0001944020178
751	0.0001942049878
752	0.0001939806246
753	0.0001938652081
754	0.0001936733255
755	0.0001934293612
756	0.0001931895078
757	0.0001929667325
758	0.0001927663359
759	0.0001925719312
760	0.0001922705389
761	0.0001920434624
762	0.0001916231205
763	0.0001912583208
764	0.0001909092996
765	0.0001906448533
766	0.0001903902792
767	0.0001900460585
768	0.0001899176405
769	0.0001897468975
770	0.000189476329
771	0.0001892236661
772	0.0001890262012
773	0.0001888277381
774	0.0001885051911
775	0.000188285056
776	0.0001880799614
777	0.0001878750387
778	0.000187714404
779	0.0001874052728
780	0.0001873518027
781	0.0001872403795
782	0.0001869474703
783	0.0001867642894
784	0.0001864383741
785	0.0001862389753
786	0.0001860101505
787	0.0001858320071
788	0.0001856236444
789	0.000185439362
790	0.0001852710548
791	0.0001848950512
792	0.000184683056
793	0.0001843547844
794	0.0001841505211
795	0.0001840190383
796	0.0001838888423
797	0.000183765144
798	0.0001834277438
799	0.0001831458373
800	0.0001830113066
801	0.0001828358914
802	0.0001826695235
803	0.0001824720465
804	0.0001822913269
805	0.0001820744145
806	0.0001818904365
807	0.0001816472256
808	0.0001814933385
809	0.0001813117296
810	0.0001811018356
811	0.0001808210348
812	0.0001804357426
813	0.0001801784915
814	0.000180001713
815	0.0001798544093
816	0.0001795206372
817	0.0001791045057
818	0.0001787730819
819	0.0001786218541
820	0.0001784716472
821	0.0001782544165
822	0.0001780151071
823	0.0001776892068
824	0.0001773252942
825	0.0001770669813
826	0.0001769494204
827	0.0001767765733
828	0.0001765377709
829	0.000176174759
830	0.0001759516216
831	0.0001758072778
832	0.0001755287917
833	0.0001753362673
834	0.000174989832
835	0.0001748230483
836	0.0001745382674
837	0.0001742746554
838	0.0001741991986
839	0.0001740010328
840	0.0001737626773
841	0.0001735778094
842	0.0001732722022
843	0.0001729596339
844	0.0001728147446
845	0.0001725624624
846	0.0001724057964
847	0.0001722656063
848	0.000172012409
849	0.0001718774574
850	0.0001717680328
851	0.0001714813943
852	0.0001712224422
853	0.0001710807863
854	0.000170713373
855	0.0001703995453
856	0.0001700310226
857	0.000169856212
858	0.0001697830898
859	0.000169555307
860	0.0001693968931
861	0.000169264937
862	0.0001689915172
863	0.0001687309391
864	0.0001686121087
865	0.0001682965146
866	0.0001681188214
867	0.0001679522436
868	0.0001677285763
869	0.0001675836523
870	0.0001674132835
871	0.0001672421834
872	0.0001670321801
873	0.0001667959614
874	0.0001665256645
875	0.0001662602063
876	0.0001659563733
877	0.0001658466283
878	0.0001656098324
879	0.0001654543452
880	0.0001652436076
881	0.0001651538183
882	0.0001650014161
883	0.0001646766586
884	0.0001644113377
885	0.0001642734146
886	0.000164090211
887	0.0001638292217
888	0.0001637284961
889	0.0001635687628
890	0.0001633890866
891	0.0001632226703
892	0.000163127556
893	0.0001630211814
894	0.0001628702301
895	0.0001627470543
896	0.0001625392142
897	0.000162451675
898	0.000162210968
899	0.0001619830347
900	0.00016176551
901	0.0001616831468
902	0.0001614307307
903	0.0001613080277
904	0.0001612449449
905	0.0001611664667
906	0.0001608690959
907	0.0001605696601
908	0.0001602858977
909	0.0001601916339
910	0.0001600582154
911	0.0001599166148
912	0.0001598102358
913	0.0001596733252
914	0.0001594578452
915	0.0001592571816
916	0.0001591207956
917	0.0001589962533
918	0.0001588622668
919	0.0001586146148
920	0.0001585042953
921	0.0001583048945
922	0.0001582266927
923	0.0001579169742
924	0.0001578241241
925	0.0001576239308
926	0.0001573842174
927	0.0001572327127
928	0.000157054227
929	0.0001569527998
930	0.0001567349645
931	0.0001565877332
932	0.0001564842417
933	0.0001564041884
934	0.000156222531
935	0.000155981588
936	0.0001558487484
937	0.0001556613091
938	0.0001554193026
939	0.0001552278417
940	0.0001549405295
941	0.0001547045512
942	0.0001544380958
943	0.0001542796873
944	0.0001540306328
945	0.0001537961361
946	0.0001536556797
947	0.0001534973486
948	0.0001532530673
949	0.0001531321403
950	0.0001530046312
951	0.0001527932242
952	0.0001527141805
953	0.0001525564183
954	0.0001523546523
955	0.0001521340541
956	0.0001519432759
957	0.0001518351066
958	0.0001516808864
959	0.0001514710651
960	0.0001512835438
961	0.0001511063231
962	0.0001509415274
963	0.0001507059466
964	0.0001505627503
965	0.0001503900644
966	0.0001502870012
967	0.0001502068484
968	0.0001499894306
969	0.0001498997183
970	0.0001497310592
971	0.000149463263
972	0.0001492479993
973	0.0001491489867
974	0.0001489307971
975	0.0001487735028
976	0.0001485683384
977	0.0001484619518
978	0.0001482470365
979	0.0001479937521
980	0.0001477625522
981	0.000147557746
982	0.0001474308432
983	0.0001472255801
984	0.0001470449399
985	0.0001468559171
986	0.0001466955739
987	0.000146498178
988	0.0001463524612
989	0.0001462440471
990	0.0001459980726
991	0.0001457684957
992	0.0001455745823
993	0.0001453629361
994	0.0001451256536
995	0.0001450352702
996	0.0001448579428
997	0.0001447058954
998	0.0001444744568
999	0.0001442557858
1000	0.0001441324455
1001	0.0001439085513
1002	0.0001437079013
1003	0.0001436021141
1004	0.0001434658985
1005	0.0001432903437
1006	0.0001431575635
1007	0.000142959729
1008	0.0001427670272
1009	0.0001426332545
1010	0.0001424077073
1011	0.0001423236211
1012	0.0001421197113
1013	0.0001419506255
1014	0.0001416910804
1015	0.0001415068427
1016	0.0001413635375
1017	0.000141241628
1018	0.0001411017223
1019	0.0001410017828
1020	0.0001408016298
1021	0.0001406555047
1022	0.0001404743526
1023	0.0001403555706
1024	0.0001402358275
1025	0.0001401636442
1026	0.0001400401585
1027	0.0001399434185
1028	0.0001397160591
1029	0.0001395055543
1030	0.0001394193136
1031	0.0001392767746
1032	0.0001391269016
1033	0.0001388962326
1034	0.000138792712
1035	0.0001386302024
1036	0.0001385130907
1037	0.0001383789856
1038	0.0001381791677
1039	0.0001380150739
1040	0.000137793984
1041	0.0001376981446
1042	0.0001374546978
1043	0.0001372877099
1044	0.0001371465613
1045	0.0001369922538
1046	0.0001367363321
1047	0.0001366546902
1048	0.0001365248095
1049	0.0001363969326
1050	0.0001361908379
1051	0.0001360583775
1052	0.0001359205318
1053	0.0001358100592
1054	0.0001356712016
1055	0.0001355583407
1056	0.0001354336074
1057	0.000135389002
1058	0.0001352123319
1059	0.0001349668632
1060	0.0001348158151
1061	0.0001346673638
1062	0.000134502906
1063	0.0001342630798
1064	0.0001341314783
1065	0.0001339436609
1066	0.0001338397495
1067	0.0001337489741
1068	0.0001335538357
1069	0.0001334537193
1070	0.0001332960829
1071	0.0001331349857
1072	0.0001329409287
1073	0.0001328447662
1074	0.0001326702188
1075	0.0001325528319
1076	0.0001324093643
1077	0.0001322634604
1078	0.000132147481
1079	0.00013205991
1080	0.0001319399418
1081	0.0001317520647
1082	0.0001316702663
1083	0.0001315693777
1084	0.0001314493696
1085	0.0001312865559
1086	0.0001312184013
1087	0.0001310426221
1088	0.0001309859326
1089	0.0001308741598
1090	0.0001306738366
1091	0.0001305213698
1092	0.000130274365
1093	0.0001301256337
1094	0.0001299117548
1095	0.0001297079894
1096	0.0001296381564
1097	0.0001294633422
1098	0.0001293199853
1099	0.0001292119435
1100	0.0001291297302
1101	0.0001289679426
1102	0.000128811709
1103	0.0001286561868
1104	0.0001285805622
1105	0.0001284337825
1106	0.0001283569016
1107	0.0001282863794
1108	0.0001281733096
1109	0.0001280541449
1110	0.0001279994979
1111	0.0001278243418
1112	0.0001276817587
1113	0.0001274307202
1114	0.0001273923419
1115	0.0001272309011
1116	0.0001270255599
1117	0.0001269077053
1118	0.0001268356487
1119	0.0001266811924
1120	0.0001265623078
1121	0.0001264056005
1122	0.0001262698329
1123	0.0001261244278
1124	0.0001258751494
1125	0.000125809668
1126	0.0001256371433
1127	0.000125440782
1128	0.0001253153562
1129	0.0001251568917
1130	0.0001250789579
1131	0.0001249683008
1132	0.0001248415654
1133	0.0001247732716
1134	0.0001246488551
1135	0.0001244352344
1136	0.0001243337684
1137	0.0001242573234
1138	0.0001240313279
1139	0.0001239219428
1140	0.0001237701423
1141	0.0001236424341
1142	0.0001235687204
1143	0.000123450051
1144	0.0001233448169
1145	0.0001232106834
1146	0.0001230222514
1147	0.000122913465
1148	0.000122826283
1149	0.0001227312916
1150	0.0001225607653
1151	0.0001224482153
1152	0.0001222559395
1153	0.0001221345521
1154	0.0001219618748
1155	0.0001217865493
1156	0.0001216653101
1157	0.000121534039
1158	0.0001214324402
1159	0.000121323909
1160	0.0001211483981
1161	0.0001210905572
1162	0.0001210043218
1163	0.0001207622407
1164	0.0001207249227
1165	0.0001206174565
1166	0.0001205030221
1167	0.0001203881998
1168	0.0001202103057
1169	0.000120122504
1170	0.0001199424351
1171	0.0001198149831
1172	0.0001196309735
1173	0.0001194922287
1174	0.0001194320889
1175	0.0001192110961
1176	0.0001189593069
1177	0.0001187904857
1178	0.0001187073313
1179	0.0001185297391
1180	0.0001183705648
1181	0.0001182616637
1182	0.0001180479383
1183	0.0001179683766
1184	0.0001178153338
1185	0.0001176493001
1186	0.0001175076019
1187	0.0001174026181
1188	0.0001173020168
1189	0.0001172129246
1190	0.0001171327178
1191	0.0001170349375
1192	0.0001169111638
1193	0.0001167357805
1194	0.0001165739097
1195	0.0001163716659
1196	0.0001161837064
1197	0.0001160339013
1198	0.0001158771637
1199	0.000115770505
1200	0.000115613447
1201	0.0001155104344
1202	0.0001153170322
1203	0.0001151392572
1204	0.0001149660012
1205	0.0001149067684
1206	0.0001147514036
1207	0.000114568289
1208	0.0001144740519
1209	0.0001143698986
1210	0.0001143270644
1211	0.000114192042
1212	0.0001140985474
1213	0.0001139463747
1214	0.0001137927453
1215	0.0001136415675
1216	0.0001135451308
1217	0.0001133527851
1218	0.0001132086664
1219	0.0001131028162
1220	0.0001130549511
1221	0.0001129564755
1222	0.0001128617447
1223	0.0001127283717
1224	0.0001125681361
1225	0.0001125051762
1226	0.0001124619574
1227	0.0001123863293
1228	0.0001123256678
1229	0.0001122384849
1230	0.0001120793342
1231	0.0001119846983
1232	0.0001118439367
1233	0.0001117267946
1234	0.0001115555141
1235	0.000111438991
1236	0.0001113139461
1237	0.000111144131
1238	0.0001110438349
1239	0.0001109262533
1240	0.0001108453783
1241	0.0001106575337
1242	0.0001105450038
1243	0.0001104730627
1244	0.0001104054325
1245	0.0001103180865
1246	0.0001102282452
1247	0.000110132877
1248	0.0001100850765
1249	0.0001098925931
1250	0.0001098222726
1251	0.0001097209647
1252	0.0001096286173
1253	0.000109510625
1254	0.0001093514769
1255	0.0001092441075
1256	0.0001091400518
1257	0.0001089860109
1258	0.0001088480677
1259	0.0001087186523
1260	0.0001086103704
1261	0.0001084806161
1262	0.0001083311592
1263	0.0001082931316
1264	0.0001082202876
1265	0.0001081382764
1266	0.0001079501206
1267	0.0001078077956
1268	0.0001076341124
1269	0.0001075143393
1270	0.0001074580031
1271	0.0001073582852
1272	0.0001072501295
1273	0.0001070893397
1274	0.0001069506523
1275	0.0001068698247
1276	0.0001066786659
1277	0.0001066282392
1278	0.0001065359017
1279	0.0001064748876
1280	0.0001063328477
1281	0.0001062043834
1282	0.0001061552367
1283	0.0001061019865
1284	0.0001060583514
1285	0.0001059623239
1286	0.0001058340939
1287	0.0001057235424
1288	0.0001056532028
1289	0.0001055193931
1290	0.0001053661935
1291	0.0001052329376
1292	0.0001051017618
1293	0.0001050158786
1294	0.0001048936758
1295	0.0001048157511
1296	0.0001046661491
1297	0.0001045725388
1298	0.0001045183467
1299	0.0001043785486
1300	0.0001043339845
1301	0.000104193101
1302	0.0001040496192
1303	0.0001039593664
1304	0.0001038436432
1305	0.0001036837949
1306	0.0001035442072
1307	0.000103328075
1308	0.0001032639827
1309	0.0001031613307
1310	0.0001030985323
1311	0.0001029124846
1312	0.0001027687534
1313	0.0001026740739
1314	0.0001025757207
1315	0.0001025114219
1316	0.0001024138057
1317	0.00010229034
1318	0.0001022129459
1319	0.0001020930588
1320	0.000101976575
1321	0.0001018533475
1322	0.000101761635
1323	0.000101693063
1324	0.0001016415143
1325	0.0001015112125
1326	0.0001013671893
1327	0.0001012309061
1328	0.0001011706525
1329	0.0001010683813
1330	0.0001010104232
1331	0.0001009046811
1332	0.0001008154172
1333	0.0001007425159
1334	0.0001006617832
1335	0.0001005507733
1336	0.0001004551996
1337	0.0001004045504
1338	0.0001002863225
1339	0.0001002026415
1340	0.0001000566436
1341	9.989539907e-05
1342	9.980529514e-05
1343	9.97117192e-05
1344	9.960332895e-05
1345	9.946289824e-05
1346	9.931292833e-05
1347	9.923069661e-05
1348	9.914540457e-05
1349	9.908913385e-05
1350	9.901511009e-05
1351	9.887258924e-05
1352	9.870947472e-05
1353	9.860371879e-05
1354	9.855202444e-05
1355	9.843716112e-05
1356	9.834808039e-05
1357	9.819249766e-05
1358	9.811637964e-05
1359	9.794194158e-05
1360	9.781129129e-05
1361	9.773751052e-05
1362	9.769973555e-05
1363	9.759599162e-05
1364	9.743942659e-05
1365	9.735851295e-05
1366	9.725047768e-05
1367	9.715410449e-05
1368	9.708677997e-05
1369	9.695862983e-05
1370	9.684619818e-05
1371	9.676504906e-05
1372	9.667066046e-05
1373	9.656298248e-05
1374	9.646368228e-05
1375	9.641195888e-05
1376	9.632295444e-05
1377	9.619856252e-05
1378	9.611343139e-05
1379	9.60570939e-05
1380	9.588474038e-05
1381	9.57865413e-05
1382	9.572573535e-05
1383	9.565920008e-05
1384	9.55780083e-05
1385	9.549175224e-05
1386	9.538727842e-05
1387	9.531584765e-05
1388	9.519352542e-05
1389	9.506731914e-05
1390	9.493605541e-05
1391	9.483356428e-05
1392	9.478547508e-05
1393	9.468910331e-05
1394	9.460573727e-05
1395	9.45767679e-05
1396	9.445163069e-05
1397	9.43706915e-05
1398	9.429587157e-05
1399	9.421540464e-05
1400	9.410556018e-05
1401	9.402263708e-05
1402	9.398414203e-05
1403	9.394552004e-05
1404	9.382094088e-05
1405	9.377331801e-05
1406	9.370803488e-05
1407	9.363572702e-05
1408	9.351263458e-05
1409	9.339420974e-05
1410	9.324278805e-05
1411	9.311636314e-05
1412	9.296568094e-05
1413	9.286531844e-05
1414	9.278753205e-05
1415	9.264932627e-05
1416	9.256847166e-05
1417	9.249829679e-05
1418	9.234516064e-05
1419	9.221496754e-05
1420	9.209282434e-05
1421	9.201433192e-05
1422	9.194005043e-05
1423	9.185061347e-05
1424	9.176649172e-05
1425	9.165409518e-05
1426	9.156981279e-05
1427	9.143553188e-05
1428	9.137723836e-05
1429	9.125097703e-05
1430	9.123043965e-05
1431	9.117634051e-05
1432	9.10694245e-05
1433	9.099305372e-05
1434	9.085320681e-05
1435	9.077885387e-05
1436	9.072881603e-05
1437	9.062580552e-05
1438	9.055005907e-05
1439	9.04552089e-05
1440	9.041206077e-05
1441	9.031306184e-05
1442	9.017398588e-05
1443	9.011928178e-05
1444	9.008858203e-05
1445	8.992210072e-05
1446	8.986322982e-05
1447	8.976461208e-05
1448	8.967375334e-05
1449	8.957265985e-05
1450	8.951140924e-05
1451	8.940082915e-05
1452	8.931940628e-05
1453	8.922258586e-05
1454	8.91367178e-05
1455	8.908349504e-05
1456	8.894285701e-05
1457	8.889650944e-05
1458	8.877141359e-05
1459	8.872237428e-05
1460	8.859910251e-05
1461	8.85155349e-05
1462	8.840350306e-05
1463	8.825966923e-05
1464	8.815597685e-05
1465	8.80632264e-05
1466	8.794507658e-05
1467	8.78992748e-05
1468	8.778361614e-05
1469	8.774337713e-05
1470	8.76416165e-05
1471	8.754828857e-05
1472	8.744340564e-05
1473	8.731007742e-05
1474	8.720746998e-05
1475	8.70972462e-05
1476	8.696688924e-05
1477	8.689973673e-05
1478	8.677729433e-05
1479	8.669393298e-05
1480	8.659030879e-05
1481	8.650579448e-05
1482	8.640909664e-05
1483	8.636909075e-05
1484	8.623467141e-05
1485	8.616221634e-05
1486	8.610589844e-05
1487	8.601651358e-05
1488	8.5908652e-05
1489	8.584360223e-05
1490	8.580866874e-05
1491	8.57281924e-05
1492	8.568186268e-05
1493	8.563659406e-05
1494	8.548241008e-05
1495	8.540032621e-05
1496	8.532932941e-05
1497	8.527457109e-05
1498	8.521183199e-05
1499	8.5171502e-05
1500	8.508864912e-05
1501	8.502334062e-05
1502	8.494922339e-05
1503	8.482604268e-05
1504	8.478555478e-05
1505	8.467804064e-05
1506	8.46130069e-05
1507	8.458320856e-05
1508	8.450012815e-05
1509	8.440039744e-05
1510	8.432618746e-05
1511	8.422438606e-05
1512	8.414515279e-05
1513	8.410705367e-05
1514	8.409019202e-05
1515	8.404857108e-05
1516	8.392671972e-05
1517	8.388744931e-05
1518	8.384712287e-05
1519	8.377591685e-05
1520	8.367065383e-05
1521	8.361947627e-05
1522	8.356982667e-05
1523	8.351925913e-05
1524	8.338414475e-05
1525	8.329110541e-05
1526	8.321572479e-05
1527	8.315984315e-05
1528	8.305252035e-05
1529	8.299978995e-05
1530	8.291002833e-05
1531	8.281496419e-05
1532	8.278987685e-05
1533	8.273236823e-05
1534	8.267287957e-05
1535	8.262386788e-05
1536	8.259597894e-05
1537	8.252172051e-05
1538	8.241795417e-05
1539	8.233758733e-05
1540	8.230050359e-05
1541	8.219778336e-05
1542	8.20642285e-05
1543	8.201251947e-05
1544	8.196633143e-05
1545	8.1885836e-05
1546	8.18186902e-05
1547	8.177577096e-05
1548	8.170050727e-05
1549	8.162005153e-05
1550	8.153766526e-05
1551	8.140019304e-05
1552	8.133244594e-05
1553	8.125477817e-05
1554	8.117573301e-05
1555	8.110707627e-05
1556	8.107552432e-05
1557	8.098118103e-05
1558	8.088267045e-05
1559	8.081650972e-05
1560	8.073780248e-05
1561	8.069842216e-05
1562	8.065192073e-05
1563	8.058196521e-05
1564	8.049936521e-05
1565	8.044894167e-05
1566	8.042368331e-05
1567	8.037603308e-05
1568	8.023595868e-05
1569	8.012929201e-05
1570	8.008092457e-05
1571	8.002618855e-05
1572	7.993917825e-05
1573	7.988643337e-05
1574	7.981465773e-05
1575	7.978068274e-05
1576	7.971795989e-05
1577	7.966858383e-05
1578	7.957511013e-05
1579	7.951845054e-05
1580	7.94439212e-05
1581	7.941726774e-05
1582	7.936518156e-05
1583	7.923379875e-05
1584	7.917817152e-05
1585	7.910121893e-05
1586	7.901125014e-05
1587	7.895425572e-05
1588	7.887179416e-05
1589	7.881297479e-05
1590	7.874549435e-05
1591	7.871973609e-05
1592	7.867204328e-05
1593	7.855584757e-05
1594	7.849515775e-05
1595	7.839791936e-05
1596	7.834170946e-05
1597	7.829189112e-05
1598	7.82019763e-05
1599	7.817172331e-05
1600	7.812244175e-05
1601	7.807039359e-05
1602	7.798767749e-05
1603	7.792344157e-05
1604	7.787028584e-05
1605	7.782286243e-05
1606	7.771409161e-05
1607	7.756960935e-05
1608	7.754789373e-05
1609	7.749928535e-05
1610	7.7439215e-05
1611	7.737604806e-05
1612	7.731273551e-05
1613	7.723272298e-05
1614	7.717777513e-05
1615	7.711342463e-05
1616	7.700945743e-05
1617	7.697669243e-05
1618	7.691455948e-05
1619	7.686412187e-05
1620	7.679594532e-05
1621	7.669118063e-05
1622	7.666294248e-05
1623	7.657468766e-05
1624	7.644605284e-05
1625	7.639647953e-05
1626	7.632574105e-05
1627	7.623409534e-05
1628	7.616783317e-05
1629	7.604882331e-05
1630	7.600395394e-05
1631	7.590106783e-05
1632	7.581481854e-05
1633	7.577658125e-05
1634	7.571733373e-05
1635	7.567864335e-05
1636	7.56608362e-05
1637	7.557281666e-05
1638	7.545098334e-05
1639	7.534456838e-05
1640	7.532447543e-05
1641	7.521277422e-05
1642	7.517211093e-05
1643	7.505420689e-05
1644	7.49521291e-05
1645	7.486844837e-05
1646	7.481932538e-05
1647	7.472875421e-05
1648	7.468742783e-05
1649	7.462588823e-05
1650	7.458124141e-05
1651	7.454935998e-05
1652	7.449661216e-05
1653	7.442136807e-05
1654	7.435776364e-05
1655	7.425541242e-05
1656	7.419801544e-05
1657	7.413711337e-05
1658	7.407440326e-05
1659	7.399230167e-05
1660	7.392705443e-05
1661	7.389500308e-05
1662	7.378400821e-05
1663	7.373082528e-05
1664	7.36627689e-05
1665	7.360297227e-05
1666	7.351936988e-05
1667	7.347512207e-05
1668	7.337844944e-05
1669	7.328934695e-05
1670	7.323378131e-05
1671	7.31578577e-05
1672	7.309370827e-05
1673	7.299402826e-05
1674	7.2913825e-05
1675	7.287681797e-05
1676	7.282668973e-05
1677	7.280148236e-05
1678	7.272223565e-05
1679	7.262706836e-05
1680	7.258840853e-05
1681	7.252182593e-05
1682	7.246388947e-05
1683	7.242014542e-05
1684	7.235225354e-05
1685	7.230501878e-05
1686	7.227772777e-05
1687	7.222422293e-05
1688	7.21645289e-05
1689	7.209111455e-05
1690	7.200649201e-05
1691	7.187867409e-05
1692	7.181350305e-05
1693	7.174439412e-05
1694	7.169434883e-05
1695	7.157536681e-05
1696	7.154482359e-05
1697	7.146719655e-05
1698	7.142722943e-05
1699	7.138412965e-05
1700	7.131271143e-05
1701	7.126597531e-05
1702	7.116343237e-05
1703	7.108459817e-05
1704	7.101704452e-05
1705	7.09443776e-05
1706	7.087556723e-05
1707	7.082405254e-05
1708	7.074298229e-05
1709	7.066292171e-05
1710	7.062539478e-05
1711	7.055380552e-05
1712	7.051163434e-05
1713	7.046832069e-05
1714	7.037141275e-05
1715	7.029632829e-05
1716	7.020732732e-05
1717	7.012768758e-05
1718	7.007955138e-05
1719	7.003821413e-05
1720	6.996497354e-05
1721	6.991875794e-05
1722	6.98655049e-05
1723	6.982569303e-05
1724	6.973560816e-05
1725	6.967475578e-05
1726	6.960999202e-05
1727	6.954460561e-05
1728	6.949171878e-05
1729	6.947102767e-05
1730	6.940517253e-05
1731	6.932060096e-05
1732	6.923138414e-05
1733	6.915388232e-05
1734	6.910370985e-05
1735	6.900172049e-05
1736	6.891594349e-05
1737	6.8874843e-05
1738	6.883380526e-05
1739	6.876091082e-05
1740	6.870504882e-05
1741	6.867965904e-05
1742	6.865162257e-05
1743	6.858696933e-05
1744	6.851191399e-05
1745	6.842794822e-05
1746	6.839238296e-05
1747	6.835616278e-05
1748	6.830356504e-05
1749	6.825432246e-05
1750	6.822621534e-05
1751	6.819255316e-05
1752	6.812596225e-05
1753	6.804104416e-05
1754	6.799350637e-05
1755	6.794192074e-05
1756	6.785190041e-05
1757	6.779268627e-05
1758	6.775678153e-05
1759	6.771525187e-05
1760	6.763164182e-05
1761	6.757910529e-05
1762	6.754394677e-05
1763	6.751851659e-05
1764	6.74664679e-05
1765	6.740845625e-05
1766	6.732927431e-05
1767	6.728859597e-05
1768	6.721041721e-05
1769	6.716252797e-05
1770	6.710360068e-05
1771	6.70763001e-05
1772	6.70014003e-05
1773	6.694059832e-05
1774	6.68528767e-05
1775	6.68213011e-05
1776	6.670571297e-05
1777	6.668761976e-05
1778	6.660057923e-05
1779	6.657026061e-05
1780	6.652536279e-05
1781	6.648996382e-05
1782	6.64532455e-05
1783	6.638106855e-05
1784	6.635126675e-05
1785	6.63091546e-05
1786	6.628505911e-05
1787	6.624144308e-05
1788	6.617277706e-05
1789	6.612196202e-05
1790	6.603813446e-05
1791	6.602255272e-05
1792	6.598414004e-05
1793	6.593706704e-05
1794	6.590471212e-05
1795	6.5829608e-05
1796	6.580775844e-05
1797	6.578124173e-05
1798	6.571046338e-05
1799	6.568477621e-05
1800	6.560542851e-05
1801	6.555246867e-05
1802	6.551985677e-05
1803	6.54798642e-05
1804	6.541364712e-05
1805	6.537282997e-05
1806	6.527153506e-05
1807	6.524168908e-05
1808	6.51701908e-05
1809	6.512077591e-05
1810	6.507347646e-05
1811	6.502610635e-05
1812	6.49744044e-05
1813	6.494422942e-05
1814	6.489699091e-05
1815	6.483941785e-05
1816	6.476583567e-05
1817	6.468412008e-05
1818	6.464847658e-05
1819	6.45480282e-05
1820	6.452315848e-05
1821	6.447042186e-05
1822	6.443921372e-05
1823	6.440399571e-05
1824	6.438570616e-05
1825	6.434838001e-05
1826	6.429005214e-05
1827	6.421136349e-05
1828	6.419065539e-05
1829	6.412740954e-05
1830	6.408312677e-05
1831	6.403701174e-05
1832	6.39589216e-05
1833	6.389510355e-05
1834	6.384812518e-05
1835	6.380479797e-05
1836	6.374972668e-05
1837	6.371944049e-05
1838	6.366761691e-05
1839	6.363847716e-05
1840	6.356280674e-05
1841	6.354159192e-05
1842	6.350719835e-05
1843	6.34612554e-05
1844	6.344091997e-05
1845	6.338078662e-05
1846	6.333659673e-05
1847	6.324977157e-05
1848	6.321011394e-05
1849	6.31976426e-05
1850	6.313711279e-05
1851	6.309000826e-05
1852	6.306883135e-05
1853	6.304719517e-05
1854	6.29941961e-05
1855	6.291197448e-05
1856	6.2869125e-05
1857	6.282159869e-05
1858	6.274889507e-05
1859	6.270082772e-05
1860	6.268497302e-05
1861	6.261972237e-05
1862	6.252716278e-05
1863	6.249669382e-05
1864	6.240310956e-05
1865	6.233660376e-05
1866	6.229489628e-05
1867	6.226816226e-05
1868	6.221200012e-05
1869	6.215332698e-05
1870	6.20772059e-05
1871	6.199462867e-05
1872	6.191070748e-05
1873	6.187194252e-05
1874	6.184802243e-05
1875	6.178963713e-05
1876	6.174343601e-05
1877	6.165980859e-05
1878	6.161956022e-05
1879	6.158917557e-05
1880	6.154709458e-05
1881	6.148083379e-05
1882	6.141342622e-05
1883	6.133226818e-05
1884	6.125832897e-05
1885	6.11967808e-05
1886	6.112945659e-05
1887	6.107182213e-05
1888	6.100190615e-05
1889	6.097997941e-05
1890	6.090834559e-05
1891	6.083663929e-05
1892	6.076094836e-05
1893	6.074066359e-05
1894	6.070315833e-05
1895	6.066169425e-05
1896	6.058816012e-05
1897	6.055222216e-05
1898	6.052153791e-05
1899	6.049203204e-05
1900	6.046204187e-05
1901	6.04170271e-05
1902	6.038278519e-05
1903	6.031390494e-05
1904	6.028617659e-05
1905	6.02487283e-05
1906	6.022147038e-05
1907	6.015674346e-05
1908	6.013725337e-05
1909	6.011429856e-05
1910	6.00241103e-05
1911	5.994301433e-05
1912	5.988236686e-05
1913	5.980100349e-05
1914	5.972027508e-05
1915	5.970207116e-05
1916	5.966840056e-05
1917	5.963809564e-05
1918	5.959073042e-05
1919	5.953837941e-05
1920	5.949140697e-05
1921	5.945259117e-05
1922	5.942306411e-05
1923	5.938907697e-05
1924	5.935627149e-05
1925	5.930367671e-05
1926	5.926328367e-05
1927	5.920030855e-05
1928	5.915275024e-05
1929	5.913147979e-05
1930	5.91005287e-05
1931	5.906617767e-05
1932	5.90322374e-05
1933	5.902248314e-05
1934	5.89791615e-05
1935	5.892357629e-05
1936	5.88448269e-05
1937	5.880354541e-05
1938	5.876217553e-05
1939	5.871289784e-05
1940	5.865609865e-05
1941	5.857363005e-05
1942	5.850378546e-05
1943	5.846334908e-05
1944	5.840154158e-05
1945	5.832361976e-05
1946	5.828962018e-05
1947	5.825671843e-05
1948	5.819073318e-05
1949	5.81562963e-05
1950	5.813050281e-05
1951	5.810347272e-05
1952	5.801950473e-05
1953	5.79856469e-05
1954	5.796069131e-05
1955	5.794097208e-05
1956	5.7910938e-05
1957	5.784158952e-05
1958	5.782318679e-05
1959	5.774404002e-05
1960	5.770026175e-05
1961	5.76520505e-05
1962	5.760293385e-05
1963	5.756257997e-05
1964	5.753331076e-05
1965	5.751665372e-05
1966	5.747540584e-05
1967	5.743306238e-05
1968	5.740581788e-05
1969	5.73853034e-05
1970	5.735217686e-05
1971	5.730485381e-05
1972	5.72893476e-05
1973	5.721900424e-05
1974	5.713717484e-05
1975	5.709306564e-05
1976	5.704307059e-05
1977	5.702094207e-05
1978	5.699606387e-05
1979	5.693679154e-05
1980	5.688463742e-05
1981	5.683989166e-05
1982	5.677658135e-05
1983	5.674452477e-05
1984	5.668975128e-05
1985	5.662875919e-05
1986	5.659309914e-05
1987	5.654045986e-05
1988	5.652672918e-05
1989	5.648346933e-05
1990	5.643503355e-05
1991	5.638438819e-05
1992	5.635741568e-05
1993	5.628434139e-05
1994	5.626731122e-05
1995	5.619829847e-05
1996	5.617026227e-05
1997	5.614941866e-05
1998	5.609894579e-05
1999	5.606359999e-05
2000	5.601672059e-05
2001	5.599554412e-05
2002	5.598095738e-05
2003	5.595781219e-05
2004	5.591378209e-05
2005	5.583894697e-05
2006	5.578993344e-05
2007	5.57416894e-05
2008	5.569562419e-05
2009	5.564339718e-05
2010	5.560580894e-05
2011	5.557747857e-05
2012	5.554699437e-05
2013	5.552470456e-05
2014	5.551016837e-05
2015	5.544041288e-05
2016	5.538072135e-05
2017	5.537022792e-05
2018	5.532735186e-05
2019	5.530210939e-05
2020	5.527629877e-05
2021	5.524422572e-05
2022	5.518984941e-05
2023	5.514826559e-05
2024	5.510418442e-05
2025	5.506768129e-05
2026	5.504526723e-05
2027	5.499910406e-05
2028	5.496384296e-05
2029	5.491154633e-05
2030	5.484957663e-05
2031	5.48061019e-05
2032	5.478126413e-05
2033	5.47647806e-05
2034	5.473372563e-05
2035	5.471390429e-05
2036	5.469439818e-05
2037	5.464986028e-05
2038	5.458419813e-05
2039	5.454965505e-05
2040	5.450289352e-05
2041	5.444151823e-05
2042	5.439770307e-05
2043	5.434271383e-05
2044	5.429922583e-05
2045	5.426364235e-05
2046	5.420501054e-05
2047	5.415552687e-05
2048	5.413389389e-05
2049	5.410378505e-05
2050	5.407374782e-05
2051	5.406096749e-05
2052	5.403890463e-05
2053	5.396492866e-05
2054	5.389336869e-05
2055	5.386711607e-05
2056	5.384072085e-05
2057	5.382575315e-05
2058	5.379565966e-05
2059	5.3752226e-05
2060	5.373859732e-05
2061	5.369934449e-05
2062	5.364893423e-05
2063	5.359084355e-05
2064	5.356284934e-05
2065	5.353015857e-05
2066	5.348421958e-05
2067	5.347565748e-05
2068	5.34393169e-05
2069	5.33842056e-05
2070	5.336668654e-05
2071	5.332360783e-05
2072	5.329330873e-05
2073	5.324862562e-05
2074	5.320953366e-05
2075	5.318866579e-05
2076	5.316211105e-05
2077	5.309979946e-05
2078	5.306737126e-05
2079	5.300017716e-05
2080	5.295453466e-05
2081	5.288148088e-05
2082	5.285468673e-05
2083	5.282698468e-05
2084	5.280587471e-05
2085	5.274518295e-05
2086	5.26959053e-05
2087	5.265655393e-05
2088	5.26155323e-05
2089	5.257676615e-05
2090	5.251208494e-05
2091	5.246881162e-05
2092	5.240906559e-05
2093	5.238227538e-05
2094	5.233548294e-05
2095	5.23210785e-05
2096	5.229119778e-05
2097	5.22625399e-05
2098	5.221530817e-05
2099	5.215897949e-05
2100	5.212333143e-05
2101	5.20855993e-05
2102	5.205746657e-05
2103	5.200068515e-05
2104	5.196884063e-05
2105	5.190470776e-05
2106	5.185064722e-05
2107	5.180843347e-05
2108	5.179074413e-05
2109	5.175450297e-05
2110	5.17420509e-05
2111	5.169591517e-05
2112	5.165653734e-05
2113	5.161834303e-05
2114	5.156710425e-05
2115	5.151931483e-05
2116	5.147305343e-05
2117	5.144077446e-05
2118	5.138151599e-05
2119	5.135807721e-05
2120	5.134110049e-05
2121	5.127437421e-05
2122	5.124118684e-05
2123	5.119429692e-05
2124	5.114278348e-05
2125	5.110631104e-05
2126	5.106407075e-05
2127	5.100682552e-05
2128	5.096070566e-05
2129	5.092788923e-05
2130	5.089907273e-05
2131	5.086165256e-05
2132	5.084267061e-05
2133	5.079322217e-05
2134	5.077799388e-05
2135	5.074799191e-05
2136	5.073698412e-05
2137	5.071031423e-05
2138	5.068718405e-05
2139	5.063367576e-05
2140	5.060436549e-05
2141	5.058736336e-05
2142	5.054125238e-05
2143	5.050120257e-05
2144	5.048697953e-05
2145	5.044273781e-05
2146	5.039138278e-05
2147	5.034314128e-05
2148	5.028523074e-05
2149	5.02423206e-05
2150	5.020826069e-05
2151	5.016815046e-05
2152	5.013882957e-05
2153	5.012518235e-05
2154	5.010662786e-05
2155	5.006667676e-05
2156	5.003345635e-05
2157	5.001943222e-05
2158	4.998904149e-05
2159	4.996284756e-05
2160	4.991933104e-05
2161	4.987993176e-05
2162	4.986375257e-05
2163	4.984411885e-05
2164	4.983056957e-05
2165	4.977956564e-05
2166	4.975076792e-05
2167	4.973368509e-05
2168	4.969683544e-05
2169	4.968388429e-05
2170	4.966558286e-05
2171	4.96096749e-05
2172	4.959785255e-05
2173	4.955821373e-05
2174	4.952751197e-05
2175	4.950425659e-05
2176	4.946316168e-05
2177	4.943587199e-05
2178	4.940798299e-05
2179	4.936707416e-05
2180	4.933691898e-05
2181	4.928562238e-05
2182	4.926651675e-05
2183	4.924710499e-05
2184	4.922595526e-05
2185	4.917816185e-05
2186	4.912799476e-05
2187	4.910669105e-05
2188	4.904841325e-05
2189	4.902508723e-05
2190	4.899430871e-05
2191	4.893664891e-05
2192	4.889808526e-05
2193	4.885000394e-05
2194	4.880673037e-05
2195	4.875978002e-05
2196	4.871577071e-05
2197	4.866254882e-05
2198	4.861769027e-05
2199	4.858988076e-05
